"","ynew","timenew","idnew"
"1",-0.62726403702625,1,1
"2",-0.648632447735022,3,1
"3",-0.675708160908681,5,1
"4",-0.716347327700966,7,1
"5",-0.710255553263385,9,1
"6",-0.737015098137622,11,1
"7",-0.758011765809386,13,1
"8",-0.791161334581325,15,1
"9",-0.801235311293419,17,1
"10",-0.812274395140336,19,1
"11",-0.822867015227042,21,1
"12",-0.857481688015762,23,1
"13",-0.872577094626739,25,1
"14",-0.896991861148162,27,1
"15",-0.930224406310618,29,1
"16",-0.940603756375329,31,1
"17",-0.960396710279436,33,1
"18",-0.977046944709444,35,1
"19",-0.985453557022494,37,1
"20",-1.00882205325776,39,1
"21",-1.03809904670487,41,1
"22",-1.0589874275437,43,1
"23",-1.06948417698829,45,1
"24",-1.0908871787556,47,1
"25",-1.12334136768783,49,1
"26",-1.14352876231195,51,1
"27",-1.15280799112096,53,1
"28",-1.16876848149718,55,1
"29",-1.19757727286383,57,1
"30",-1.20764273347779,59,1
"31",-1.23247275193866,61,1
"32",-1.26257407467484,63,1
"33",-1.27304261382809,65,1
"34",-1.30774744170314,67,1
"35",-1.30212357372532,69,1
"36",-1.31664981175727,71,1
"37",-1.360126025507,73,1
"38",-1.3868951570055,75,1
"39",-1.39075661446791,77,1
"40",-1.41780435678114,79,1
"41",-1.41243763313728,81,1
"42",-1.45684621076966,83,1
"43",-1.46955641711782,85,1
"44",-1.49617378915453,87,1
"45",-1.52388654283116,89,1
"46",-1.53456588774719,91,1
"47",-1.57450339703124,93,1
"48",-1.5617982621267,95,1
"49",-1.59492127736021,97,1
"50",-1.59472769403871,99,1
"51",-1.63169871545334,101,1
"52",-1.66355327505155,103,1
"53",-1.67034654720744,105,1
"54",-1.70579478705877,107,1
"55",-1.72899014474472,109,1
"56",-1.73353934838716,111,1
"57",-1.76088672947452,113,1
"58",-1.77644275722602,115,1
"59",-1.79571039750082,117,1
"60",-1.82234902020421,119,1
"61",-1.84214049807052,121,1
"62",-1.85780559689357,123,1
"63",-1.8646729407766,125,1
"64",-1.91168947874663,127,1
"65",-1.91051434886605,129,1
"66",-1.9331243070302,131,1
"67",-1.94582281236957,133,1
"68",-1.97949564997868,135,1
"69",-1.99275362264317,137,1
"70",-2.01378282283461,139,1
"71",-2.04187901105225,141,1
"72",-2.0443751326825,143,1
"73",-2.06484978458538,145,1
"74",-2.08945167424718,147,1
"75",-2.10058547619692,149,1
"76",-2.13086894648668,151,1
"77",-2.16921973282691,153,1
"78",-2.1821864648847,155,1
"79",-2.20869993689132,157,1
"80",-2.22118781710673,159,1
"81",-2.24265747751457,161,1
"82",-2.25603265201089,163,1
"83",-2.28556302722786,165,1
"84",-2.29487352301829,167,1
"85",-2.32299965718152,169,1
"86",-2.31878093804861,171,1
"87",-2.34928673598216,173,1
"88",-2.36735206844738,175,1
"89",-2.39261195716407,177,1
"90",-2.39963204993714,179,1
"91",-2.44281117528182,181,1
"92",-2.46107025804594,183,1
"93",-2.46213098835692,185,1
"94",-2.50296077427544,187,1
"95",-2.51852761817835,189,1
"96",-2.54038189003675,191,1
"97",-2.55965373942782,193,1
"98",-2.5792449437721,195,1
"99",-2.59151192742965,197,1
"100",-2.61822711556503,199,1
"101",0.16858374960094,1,2
"102",0.167073712473786,3,2
"103",0.131497530136614,5,2
"104",0.111847758921648,7,2
"105",0.0926414168099467,9,2
"106",0.0807699872925962,11,2
"107",0.0529076801808189,13,2
"108",0.0332669825074118,15,2
"109",0.0068267194345257,17,2
"110",-0.009599378500381,19,2
"111",-0.0257550713735726,21,2
"112",-0.0522456206405144,23,2
"113",-0.061041713851592,25,2
"114",-0.101540616595786,27,2
"115",-0.10329109717002,29,2
"116",-0.141721174013294,31,2
"117",-0.149366437046284,33,2
"118",-0.171639474822368,35,2
"119",-0.192877623584728,37,2
"120",-0.206925643556392,39,2
"121",-0.245500270034718,41,2
"122",-0.234590842657732,43,2
"123",-0.283006400140038,45,2
"124",-0.290991979792642,47,2
"125",-0.317515876828346,49,2
"126",-0.333864865789852,51,2
"127",-0.325485010321634,53,2
"128",-0.366182719580985,55,2
"129",-0.399219681082261,57,2
"130",-0.422762731122103,59,2
"131",-0.421854804765191,61,2
"132",-0.446542274105064,63,2
"133",-0.469537359523356,65,2
"134",-0.495650297252455,67,2
"135",-0.521231278879333,69,2
"136",-0.537108598744074,71,2
"137",-0.536356387740778,73,2
"138",-0.572569342725886,75,2
"139",-0.600200944251763,77,2
"140",-0.587663769553682,79,2
"141",-0.622105672004193,81,2
"142",-0.648743146787048,83,2
"143",-0.655771845290828,85,2
"144",-0.677492449264168,87,2
"145",-0.712549106260229,89,2
"146",-0.704295651132513,91,2
"147",-0.748906946079328,93,2
"148",-0.780601622280046,95,2
"149",-0.78780067179746,97,2
"150",-0.804281292385594,99,2
"151",-0.803276891787324,101,2
"152",-0.845298652098981,103,2
"153",-0.861786687723683,105,2
"154",-0.887128205131483,107,2
"155",-0.909696684201583,109,2
"156",-0.926703936061031,111,2
"157",-0.938480279721616,113,2
"158",-0.945604225691395,115,2
"159",-0.97608275139028,117,2
"160",-0.994277591794051,119,2
"161",-1.0386699099935,121,2
"162",-1.03651772007738,123,2
"163",-1.06415742774131,125,2
"164",-1.10102917606884,127,2
"165",-1.10114644835144,129,2
"166",-1.12794422182508,131,2
"167",-1.13171080265822,133,2
"168",-1.17401749577396,135,2
"169",-1.1906587933172,137,2
"170",-1.21561777075169,139,2
"171",-1.22812771539228,141,2
"172",-1.24233655798305,143,2
"173",-1.27367415750911,145,2
"174",-1.2780529440981,147,2
"175",-1.31843750364096,149,2
"176",-1.336836519906,151,2
"177",-1.33194509870947,153,2
"178",-1.37651515043096,155,2
"179",-1.38223692865474,157,2
"180",-1.41016743628901,159,2
"181",-1.42226265738141,161,2
"182",-1.42946794291588,163,2
"183",-1.4504907914435,165,2
"184",-1.48966575378475,167,2
"185",-1.52920903113084,169,2
"186",-1.50138005987958,171,2
"187",-1.53968601411026,173,2
"188",-1.56094340241828,175,2
"189",-1.58649067100938,177,2
"190",-1.60125559154839,179,2
"191",-1.62800043409561,181,2
"192",-1.64214972934537,183,2
"193",-1.67035914321769,185,2
"194",-1.70005875455339,187,2
"195",-1.69647829310337,189,2
"196",-1.71115922552292,191,2
"197",-1.74944408147017,193,2
"198",-1.77888957333399,195,2
"199",-1.77993426272114,197,2
"200",-1.80680376714686,199,2
"201",-0.862960796478296,1,3
"202",-0.865607293813245,3,3
"203",-0.891931615749329,5,3
"204",-0.909038298208651,7,3
"205",-0.937194336036406,9,3
"206",-0.927597193330872,11,3
"207",-0.968939932773959,13,3
"208",-1.00168374653258,15,3
"209",-1.00365667802265,17,3
"210",-1.02299685594599,19,3
"211",-1.05548687941414,21,3
"212",-1.09451781912684,23,3
"213",-1.0920334294357,25,3
"214",-1.09992353605084,27,3
"215",-1.12622584517047,29,3
"216",-1.1466103998501,31,3
"217",-1.16002040512385,33,3
"218",-1.19749319879584,35,3
"219",-1.1946608419673,37,3
"220",-1.22568205269283,39,3
"221",-1.23855550573607,41,3
"222",-1.25528753506267,43,3
"223",-1.28339380826089,45,3
"224",-1.31441568853871,47,3
"225",-1.31399896685037,49,3
"226",-1.3656302618579,51,3
"227",-1.37107651981006,53,3
"228",-1.38818531950162,55,3
"229",-1.4072898227777,57,3
"230",-1.41542397332221,59,3
"231",-1.44426639347902,61,3
"232",-1.46155693637581,63,3
"233",-1.48632516054018,65,3
"234",-1.50810525582624,67,3
"235",-1.51867310434385,69,3
"236",-1.53416632883789,71,3
"237",-1.58965957455897,73,3
"238",-1.57990121685759,75,3
"239",-1.60188136834226,77,3
"240",-1.62988128962561,79,3
"241",-1.63611848433428,81,3
"242",-1.66952098422723,83,3
"243",-1.68847191902804,85,3
"244",-1.69705451462925,87,3
"245",-1.70843233941884,89,3
"246",-1.74292806340067,91,3
"247",-1.76985045250792,93,3
"248",-1.79751974535864,95,3
"249",-1.80893894219884,97,3
"250",-1.83502690567515,99,3
"251",-1.84821793824123,101,3
"252",-1.86168482072783,103,3
"253",-1.89414718333029,105,3
"254",-1.8791369435991,107,3
"255",-1.9240684956534,109,3
"256",-1.9343265397355,111,3
"257",-1.98851985220845,113,3
"258",-1.97821860083809,115,3
"259",-2.01879106401456,117,3
"260",-2.01643057563396,119,3
"261",-2.04164731085553,121,3
"262",-2.06970389820275,123,3
"263",-2.07238602610827,125,3
"264",-2.11264092910252,127,3
"265",-2.13143475545245,129,3
"266",-2.1556393342203,131,3
"267",-2.17231039847758,133,3
"268",-2.17617676287632,135,3
"269",-2.2012915909146,137,3
"270",-2.21557702023328,139,3
"271",-2.24952979905058,141,3
"272",-2.2618649094923,143,3
"273",-2.28318696316518,145,3
"274",-2.31989118583387,147,3
"275",-2.30784431953529,149,3
"276",-2.34428413580071,151,3
"277",-2.35797262241847,153,3
"278",-2.37607724564096,155,3
"279",-2.40613426942447,157,3
"280",-2.42868676660772,159,3
"281",-2.43669187538579,161,3
"282",-2.47610159390066,163,3
"283",-2.46591523854781,165,3
"284",-2.50946493347293,167,3
"285",-2.5090871593873,169,3
"286",-2.53050648547054,171,3
"287",-2.56479895507419,173,3
"288",-2.57995640326153,175,3
"289",-2.61587409720539,177,3
"290",-2.62239854737982,179,3
"291",-2.63519248782649,181,3
"292",-2.66463782754108,183,3
"293",-2.69016998150159,185,3
"294",-2.71218643093455,187,3
"295",-2.72598783663627,189,3
"296",-2.73493699780328,191,3
"297",-2.77046836171306,193,3
"298",-2.78683871352332,195,3
"299",-2.81857001244826,197,3
"300",-2.8206854840499,199,3
"301",1.59835981733893,1,4
"302",1.58025121223182,3,4
"303",1.55342782944677,5,4
"304",1.50658291423577,7,4
"305",1.51010109717903,9,4
"306",1.4898421581708,11,4
"307",1.46174679927949,13,4
"308",1.44698569684727,15,4
"309",1.41664044259652,17,4
"310",1.41207310987795,19,4
"311",1.38200979199126,21,4
"312",1.34958998028635,23,4
"313",1.34160629457609,25,4
"314",1.33892515142849,27,4
"315",1.30193798849048,29,4
"316",1.29260830255988,31,4
"317",1.27474665853977,33,4
"318",1.24532478918106,35,4
"319",1.22175757908229,37,4
"320",1.19998384704646,39,4
"321",1.19267669439354,41,4
"322",1.15464622798296,43,4
"323",1.14774291057316,45,4
"324",1.12238580847215,47,4
"325",1.08263190857291,49,4
"326",1.07119229757706,51,4
"327",1.07444099542572,53,4
"328",1.04336801263244,55,4
"329",1.03331363429913,57,4
"330",1.02415554677088,59,4
"331",1.00001961394888,61,4
"332",0.972053487060921,63,4
"333",0.949080429003459,65,4
"334",0.923352817873218,67,4
"335",0.921059720086835,69,4
"336",0.891243143230976,71,4
"337",0.853545032729078,73,4
"338",0.843724376788888,75,4
"339",0.806091703935093,77,4
"340",0.803328213676685,79,4
"341",0.759357525438332,81,4
"342",0.778420823809772,83,4
"343",0.73892537212747,85,4
"344",0.72098101375085,87,4
"345",0.703587618814772,89,4
"346",0.691402983877683,91,4
"347",0.672064203910019,93,4
"348",0.650960321862508,95,4
"349",0.61955537609853,97,4
"350",0.591647889575008,99,4
"351",0.581393579694413,101,4
"352",0.568059943462297,103,4
"353",0.537049990922071,105,4
"354",0.524592392793007,107,4
"355",0.493604178876493,109,4
"356",0.485197711995635,111,4
"357",0.466569356153766,113,4
"358",0.443822045853182,115,4
"359",0.423641692570431,117,4
"360",0.422916322165641,119,4
"361",0.392906667261975,121,4
"362",0.376395112945098,123,4
"363",0.336048732609493,125,4
"364",0.326924220522071,127,4
"365",0.316829054008764,129,4
"366",0.284715587892527,131,4
"367",0.243987195655445,133,4
"368",0.248729259758786,135,4
"369",0.206231247681936,137,4
"370",0.19716910060639,139,4
"371",0.198520845350788,141,4
"372",0.171437170630818,143,4
"373",0.156197491693145,145,4
"374",0.128346850752928,147,4
"375",0.104179214512963,149,4
"376",0.0760376744065188,151,4
"377",0.0812099396749835,153,4
"378",0.0457309081190104,155,4
"379",0.0181295181311128,157,4
"380",0.0139330331349629,159,4
"381",-0.00397478827942957,161,4
"382",-0.0157626501202225,163,4
"383",-0.0607491708982593,165,4
"384",-0.0786278760694397,167,4
"385",-0.0988814181775104,169,4
"386",-0.118475772090412,171,4
"387",-0.138385507319232,173,4
"388",-0.157675972389217,175,4
"389",-0.16030099376021,177,4
"390",-0.201694580781339,179,4
"391",-0.218600872921422,181,4
"392",-0.228193833340493,183,4
"393",-0.243471473396857,185,4
"394",-0.282440305892448,187,4
"395",-0.299800060023591,189,4
"396",-0.309482991957228,191,4
"397",-0.324541655596829,193,4
"398",-0.357230843743088,195,4
"399",-0.389019132336095,197,4
"400",-0.3776279875412,199,4
"401",0.333858467538477,1,5
"402",0.292404060356862,3,5
"403",0.278857096078805,5,5
"404",0.241913084461701,7,5
"405",0.245205001533552,9,5
"406",0.235631239797378,11,5
"407",0.183134965344313,13,5
"408",0.171712086683343,15,5
"409",0.153096002477855,17,5
"410",0.132696457879649,19,5
"411",0.099174915859181,21,5
"412",0.10451740740784,23,5
"413",0.0641897904157031,25,5
"414",0.0592577954225779,27,5
"415",0.0454376190256135,29,5
"416",0.017525817600514,31,5
"417",0.00842785574009568,33,5
"418",-0.020749378893821,35,5
"419",-0.0469688326904961,37,5
"420",-0.0540286340342931,39,5
"421",-0.0848305555849354,41,5
"422",-0.0827661163348545,43,5
"423",-0.12067482529627,45,5
"424",-0.131964078248634,47,5
"425",-0.158440599152199,49,5
"426",-0.210572714173844,51,5
"427",-0.214153347497929,53,5
"428",-0.224733250786088,55,5
"429",-0.238124191547184,57,5
"430",-0.283919459388229,59,5
"431",-0.270875261850832,61,5
"432",-0.306536485523184,63,5
"433",-0.328021000978269,65,5
"434",-0.356048344110082,67,5
"435",-0.37503116556465,69,5
"436",-0.379928909824095,71,5
"437",-0.3953985341179,73,5
"438",-0.441471057782482,75,5
"439",-0.450535847979133,77,5
"440",-0.455134510962114,79,5
"441",-0.485022599031139,81,5
"442",-0.478838543166467,83,5
"443",-0.508034761457159,85,5
"444",-0.534537247843944,87,5
"445",-0.560443383689258,89,5
"446",-0.577698620364087,91,5
"447",-0.607551289437316,93,5
"448",-0.614212056655067,95,5
"449",-0.625690088583782,97,5
"450",-0.649657929083807,99,5
"451",-0.688624670751281,101,5
"452",-0.716680996676875,103,5
"453",-0.721588785179522,105,5
"454",-0.73608333447547,107,5
"455",-0.746982288386554,109,5
"456",-0.793678323029975,111,5
"457",-0.796848382258565,113,5
"458",-0.818157229833754,115,5
"459",-0.828552675572049,117,5
"460",-0.860771327905935,119,5
"461",-0.884065216729682,121,5
"462",-0.911960369545823,123,5
"463",-0.925666433020576,125,5
"464",-0.944113465910422,127,5
"465",-0.936986684926749,129,5
"466",-0.95602691442764,131,5
"467",-1.00215926097948,133,5
"468",-1.03092890257526,135,5
"469",-1.06022157752539,137,5
"470",-1.05534551185026,139,5
"471",-1.09139796402199,141,5
"472",-1.0776456349292,143,5
"473",-1.12934840391122,145,5
"474",-1.13938116388718,147,5
"475",-1.12238946137753,149,5
"476",-1.19158132816407,151,5
"477",-1.19741656194042,153,5
"478",-1.23156117290689,155,5
"479",-1.23701569169642,157,5
"480",-1.26922487353526,159,5
"481",-1.27971919695727,161,5
"482",-1.30346091460621,163,5
"483",-1.33232465058897,165,5
"484",-1.3403793013004,167,5
"485",-1.35057621782405,169,5
"486",-1.3645525536456,171,5
"487",-1.41421934089393,173,5
"488",-1.42298833751506,175,5
"489",-1.42889798291608,177,5
"490",-1.47163445166308,179,5
"491",-1.50577723507314,181,5
"492",-1.50985125376977,183,5
"493",-1.530164622764,185,5
"494",-1.54001734226136,187,5
"495",-1.56452959611962,189,5
"496",-1.57817726690219,191,5
"497",-1.60471595226391,193,5
"498",-1.61675104423769,195,5
"499",-1.64415228593461,197,5
"500",-1.64859121371943,199,5
"501",-0.837841659370588,1,6
"502",-0.847561717663623,3,6
"503",-0.87931687980086,5,6
"504",-0.888388319329307,7,6
"505",-0.9109456858428,9,6
"506",-0.947313590579401,11,6
"507",-0.951910649684205,13,6
"508",-0.958666247462989,15,6
"509",-0.98365438488602,17,6
"510",-1.00903590780914,19,6
"511",-1.04239154855514,21,6
"512",-1.03877609759012,23,6
"513",-1.06967636702856,25,6
"514",-1.0949861216457,27,6
"515",-1.09404810199001,29,6
"516",-1.13816430733401,31,6
"517",-1.14743477451044,33,6
"518",-1.15765100990618,35,6
"519",-1.18444615616631,37,6
"520",-1.21353860676338,39,6
"521",-1.23465256515224,41,6
"522",-1.24691702881755,43,6
"523",-1.26533357297202,45,6
"524",-1.29028231011473,47,6
"525",-1.29728389439545,49,6
"526",-1.3311267041164,51,6
"527",-1.35747134490119,53,6
"528",-1.3650951228028,55,6
"529",-1.41248620734155,57,6
"530",-1.40654864668003,59,6
"531",-1.42549877459378,61,6
"532",-1.45271713127231,63,6
"533",-1.48163981577133,65,6
"534",-1.49441833015115,67,6
"535",-1.49497008069565,69,6
"536",-1.537903528916,71,6
"537",-1.57378550529531,73,6
"538",-1.56234592969592,75,6
"539",-1.59548149069003,77,6
"540",-1.61557724977754,79,6
"541",-1.64262202452957,81,6
"542",-1.65069397040149,83,6
"543",-1.66345599111372,85,6
"544",-1.69634320437391,87,6
"545",-1.7165356635322,89,6
"546",-1.71950198196801,91,6
"547",-1.75294348088882,93,6
"548",-1.77206740125125,95,6
"549",-1.79672616662537,97,6
"550",-1.80146403776201,99,6
"551",-1.84041032041068,101,6
"552",-1.84197588025921,103,6
"553",-1.86241136122825,105,6
"554",-1.89514439347793,107,6
"555",-1.90198418098078,109,6
"556",-1.92060068548206,111,6
"557",-1.94471218123282,113,6
"558",-1.95021996366383,115,6
"559",-2.01009191603027,117,6
"560",-2.02211759342439,119,6
"561",-2.04423357625532,121,6
"562",-2.04879158477332,123,6
"563",-2.05462209332642,125,6
"564",-2.07368949458825,127,6
"565",-2.10558541713407,129,6
"566",-2.12168165149241,131,6
"567",-2.15191713285831,133,6
"568",-2.16577866651727,135,6
"569",-2.18670602934672,137,6
"570",-2.21807878686858,139,6
"571",-2.23340133345552,141,6
"572",-2.25181679676209,143,6
"573",-2.25652992595628,145,6
"574",-2.300838271015,147,6
"575",-2.33161173559605,149,6
"576",-2.32278560193597,151,6
"577",-2.35862999032555,153,6
"578",-2.37482945334962,155,6
"579",-2.38142133380519,157,6
"580",-2.4180992467635,159,6
"581",-2.43387905391439,161,6
"582",-2.43544413877567,163,6
"583",-2.46518530699485,165,6
"584",-2.48504647056337,167,6
"585",-2.51183511767519,169,6
"586",-2.54183572265104,171,6
"587",-2.56543465566157,173,6
"588",-2.57270224055358,175,6
"589",-2.57045119184029,177,6
"590",-2.60825134595588,179,6
"591",-2.62882465502555,181,6
"592",-2.64714214802951,183,6
"593",-2.67432046410893,185,6
"594",-2.70445592438359,187,6
"595",-2.6837109761595,189,6
"596",-2.73470524500484,191,6
"597",-2.75345439923735,193,6
"598",-2.78839180138654,195,6
"599",-2.7929484663687,197,6
"600",-2.81294142330176,199,6
"601",0.474873948643222,1,7
"602",0.43955967142756,3,7
"603",0.455275680588733,5,7
"604",0.435064915905944,7,7
"605",0.404325054647826,9,7
"606",0.366421645984246,11,7
"607",0.364574145997463,13,7
"608",0.334964349259145,15,7
"609",0.314231190769213,17,7
"610",0.311055495358032,19,7
"611",0.265150226528658,21,7
"612",0.252316860100981,23,7
"613",0.230117102437836,25,7
"614",0.217626572497253,27,7
"615",0.181700413281385,29,7
"616",0.170395719730202,31,7
"617",0.164588373317562,33,7
"618",0.142081201492716,35,7
"619",0.107690029364442,37,7
"620",0.103021229733169,39,7
"621",0.0531026549744286,41,7
"622",0.0540242031614638,43,7
"623",0.0445593843769876,45,7
"624",0.0108386785635941,47,7
"625",-0.00293497379717962,49,7
"626",-0.0385038105867839,51,7
"627",-0.0340930195990371,53,7
"628",-0.0810748360581209,55,7
"629",-0.0858074538884178,57,7
"630",-0.105123428696546,59,7
"631",-0.121961735298447,61,7
"632",-0.150805863861703,63,7
"633",-0.144273642723154,65,7
"634",-0.19687010972933,67,7
"635",-0.200029576141469,69,7
"636",-0.251968684524874,71,7
"637",-0.24254678948208,73,7
"638",-0.257474291858895,75,7
"639",-0.293418147582654,77,7
"640",-0.295522617802739,79,7
"641",-0.319261184071573,81,7
"642",-0.332807672841751,83,7
"643",-0.371004346375502,85,7
"644",-0.392276746620144,87,7
"645",-0.420286261057944,89,7
"646",-0.425795650987974,91,7
"647",-0.45595895499506,93,7
"648",-0.455689387290054,95,7
"649",-0.481858141049009,97,7
"650",-0.480673423978723,99,7
"651",-0.53414802356453,101,7
"652",-0.530754066930591,103,7
"653",-0.567844631187597,105,7
"654",-0.597137227684622,107,7
"655",-0.596841273866583,109,7
"656",-0.636904724618237,111,7
"657",-0.65312279775678,113,7
"658",-0.669902066345734,115,7
"659",-0.680461874929002,117,7
"660",-0.712560154842125,119,7
"661",-0.711792444339459,121,7
"662",-0.754560691396594,123,7
"663",-0.760404577219668,125,7
"664",-0.781140077273626,127,7
"665",-0.813228448482045,129,7
"666",-0.826857181678533,131,7
"667",-0.849132742339228,133,7
"668",-0.852977004302939,135,7
"669",-0.867010421210493,137,7
"670",-0.912978911909397,139,7
"671",-0.913265223486112,141,7
"672",-0.943325406881636,143,7
"673",-0.982242901062024,145,7
"674",-0.990129983997967,147,7
"675",-0.997959455966447,149,7
"676",-1.02111988126104,151,7
"677",-1.06699406078233,153,7
"678",-1.056767760717,155,7
"679",-1.07602042758665,157,7
"680",-1.10561603594411,159,7
"681",-1.12964662989769,161,7
"682",-1.12285522742673,163,7
"683",-1.16347093437799,165,7
"684",-1.18271112009083,167,7
"685",-1.21380551694262,169,7
"686",-1.23601224880528,171,7
"687",-1.25780250528214,173,7
"688",-1.26679062967534,175,7
"689",-1.2689617029307,177,7
"690",-1.28503299911817,179,7
"691",-1.30688730022799,181,7
"692",-1.32960339187204,183,7
"693",-1.36494691008595,185,7
"694",-1.39481244892832,187,7
"695",-1.40584907437292,189,7
"696",-1.44669545033424,191,7
"697",-1.44570887630595,193,7
"698",-1.44597216052506,195,7
"699",-1.48126141656544,197,7
"700",-1.49161206074462,199,7
"701",0.733218114698656,1,8
"702",0.700535602174731,3,8
"703",0.705760298658511,5,8
"704",0.667540832275907,7,8
"705",0.638569167203992,9,8
"706",0.629031303376603,11,8
"707",0.593138709840985,13,8
"708",0.59696249545713,15,8
"709",0.573340388982861,17,8
"710",0.544776891832747,19,8
"711",0.523440416253306,21,8
"712",0.517687644602144,23,8
"713",0.477700621264996,25,8
"714",0.458486496412173,27,8
"715",0.452567183899418,29,8
"716",0.423811570323691,31,8
"717",0.417575553096456,33,8
"718",0.386338497031094,35,8
"719",0.380273215298221,37,8
"720",0.353280152181019,39,8
"721",0.305873179388288,41,8
"722",0.294970991525035,43,8
"723",0.301152457190994,45,8
"724",0.275232664170954,47,8
"725",0.238654078450634,49,8
"726",0.214866768279016,51,8
"727",0.218661359022375,53,8
"728",0.180206940532587,55,8
"729",0.186341959915399,57,8
"730",0.166040124733011,59,8
"731",0.113777791431193,61,8
"732",0.0998681620034609,63,8
"733",0.0758199085359756,65,8
"734",0.074997585808259,67,8
"735",0.0354170082528411,69,8
"736",0.00797466974452825,71,8
"737",0.0285381750741424,73,8
"738",-0.00161555999466091,75,8
"739",-0.0235040588585327,77,8
"740",-0.0583151777065552,79,8
"741",-0.0717881071832867,81,8
"742",-0.0854785223086846,83,8
"743",-0.124487682290425,85,8
"744",-0.132917908134543,87,8
"745",-0.149917878325765,89,8
"746",-0.154747556926056,91,8
"747",-0.185253967698713,93,8
"748",-0.198852964547291,95,8
"749",-0.230269825135309,97,8
"750",-0.262800321702588,99,8
"751",-0.275072064590402,101,8
"752",-0.308322941263407,103,8
"753",-0.30238677725358,105,8
"754",-0.317507026523625,107,8
"755",-0.352302502647053,109,8
"756",-0.381484318231761,111,8
"757",-0.380803792358412,113,8
"758",-0.410282024605176,115,8
"759",-0.43553801584752,117,8
"760",-0.440439440638982,119,8
"761",-0.479273751444359,121,8
"762",-0.480185703838492,123,8
"763",-0.52010005746015,125,8
"764",-0.527761161466855,127,8
"765",-0.542761522447596,129,8
"766",-0.585027881996326,131,8
"767",-0.587694060092433,133,8
"768",-0.612791162900271,135,8
"769",-0.62491785570436,137,8
"770",-0.659561274224575,139,8
"771",-0.672545158211358,141,8
"772",-0.677852454793225,143,8
"773",-0.709990393232702,145,8
"774",-0.723443385388031,147,8
"775",-0.753884240846947,149,8
"776",-0.78196921141793,151,8
"777",-0.791784551779254,153,8
"778",-0.82392520642519,155,8
"779",-0.857636408755282,157,8
"780",-0.839984068950868,159,8
"781",-0.882544383040557,161,8
"782",-0.909936124997247,163,8
"783",-0.901722476797857,165,8
"784",-0.93179391268509,167,8
"785",-0.957671578818299,169,8
"786",-0.973454774736804,171,8
"787",-0.995935108288806,173,8
"788",-1.00170870710623,175,8
"789",-1.02439868778577,177,8
"790",-1.06894160082942,179,8
"791",-1.06814130991437,181,8
"792",-1.08440715821179,183,8
"793",-1.10499268511102,185,8
"794",-1.15591846796362,187,8
"795",-1.15402886912094,189,8
"796",-1.1518789616616,191,8
"797",-1.18370734948439,193,8
"798",-1.22876805667724,195,8
"799",-1.24831198198962,197,8
"800",-1.24676419934763,199,8
"801",0.564040796797769,1,9
"802",0.555394257292267,3,9
"803",0.528719618270265,5,9
"804",0.506591345288584,7,9
"805",0.487617970081485,9,9
"806",0.467443902007406,11,9
"807",0.43308536099135,13,9
"808",0.449276284859687,15,9
"809",0.391661297579239,17,9
"810",0.38561173672567,19,9
"811",0.360338158127276,21,9
"812",0.363782474987046,23,9
"813",0.335895753415285,25,9
"814",0.300144186094426,27,9
"815",0.287835559607243,29,9
"816",0.27743597115548,31,9
"817",0.268144580048561,33,9
"818",0.228804002415181,35,9
"819",0.195356285631182,37,9
"820",0.175945928518534,39,9
"821",0.185838537457834,41,9
"822",0.125075636814918,43,9
"823",0.156338775342311,45,9
"824",0.103167845712619,47,9
"825",0.081237419062355,49,9
"826",0.0673569572081319,51,9
"827",0.0551152389321449,53,9
"828",0.0288096344118357,55,9
"829",-0.0137801505712325,57,9
"830",-0.010683281251814,59,9
"831",-0.0297144032090835,61,9
"832",-0.0476231396411628,63,9
"833",-0.0845328556225816,65,9
"834",-0.117928877160122,67,9
"835",-0.117464411424753,69,9
"836",-0.143661635855605,71,9
"837",-0.161877548330939,73,9
"838",-0.183756441013707,75,9
"839",-0.198198692845053,77,9
"840",-0.217330818975744,79,9
"841",-0.226257721214109,81,9
"842",-0.24435436490775,83,9
"843",-0.282163964970682,85,9
"844",-0.29730682806166,87,9
"845",-0.310604200686252,89,9
"846",-0.320230737298128,91,9
"847",-0.354779352542932,93,9
"848",-0.391207383262049,95,9
"849",-0.391900122895095,97,9
"850",-0.415409555056213,99,9
"851",-0.416493719811903,101,9
"852",-0.450784426692072,103,9
"853",-0.480449146170055,105,9
"854",-0.498613871284793,107,9
"855",-0.519271616241963,109,9
"856",-0.532358296974933,111,9
"857",-0.552454470370513,113,9
"858",-0.56506016627826,115,9
"859",-0.591016881084698,117,9
"860",-0.617885521317721,119,9
"861",-0.643624761298305,121,9
"862",-0.647871619032312,123,9
"863",-0.674843533169791,125,9
"864",-0.69239026966959,127,9
"865",-0.70318223816228,129,9
"866",-0.71669829216002,131,9
"867",-0.763756812947863,133,9
"868",-0.757777843778305,135,9
"869",-0.802885983641017,137,9
"870",-0.81155512642456,139,9
"871",-0.831994943397954,141,9
"872",-0.856987733445431,143,9
"873",-0.860276117936327,145,9
"874",-0.900807768344288,147,9
"875",-0.907613335541375,149,9
"876",-0.934351205347941,151,9
"877",-0.963533451333816,153,9
"878",-0.962071756911844,155,9
"879",-1.0151020520016,157,9
"880",-1.01948017304063,159,9
"881",-1.04963267401558,161,9
"882",-1.05227543764749,163,9
"883",-1.0715744228521,165,9
"884",-1.10540600003361,167,9
"885",-1.10770911878504,169,9
"886",-1.14454765073233,171,9
"887",-1.14762663335233,173,9
"888",-1.17184035435023,175,9
"889",-1.18706588887546,177,9
"890",-1.22360347873845,179,9
"891",-1.23326510824973,181,9
"892",-1.25884684254607,183,9
"893",-1.28890746990745,185,9
"894",-1.29269178329129,187,9
"895",-1.29648102223334,189,9
"896",-1.34069935768166,191,9
"897",-1.35621682310319,193,9
"898",-1.36732621101674,195,9
"899",-1.39385719324814,197,9
"900",-1.39478328522398,199,9
"901",-0.308016249818457,1,10
"902",-0.312175047826136,3,10
"903",-0.351899293693416,5,10
"904",-0.386727553769115,7,10
"905",-0.391175034477313,9,10
"906",-0.424633949724498,11,10
"907",-0.445459010817549,13,10
"908",-0.457283130457392,15,10
"909",-0.46604922015457,17,10
"910",-0.491949287160576,19,10
"911",-0.507248184391721,21,10
"912",-0.52623497713355,23,10
"913",-0.557106908460579,25,10
"914",-0.599410698292447,27,10
"915",-0.587429318639048,29,10
"916",-0.593697228462758,31,10
"917",-0.634804552161759,33,10
"918",-0.668937531651633,35,10
"919",-0.679063894811896,37,10
"920",-0.704733562947908,39,10
"921",-0.715804779357072,41,10
"922",-0.72862726710079,43,10
"923",-0.746724025688301,45,10
"924",-0.773036636908223,47,10
"925",-0.80472808848912,49,10
"926",-0.80725586548354,51,10
"927",-0.821905201605056,53,10
"928",-0.832869559397045,55,10
"929",-0.880324911501015,57,10
"930",-0.890647461164831,59,10
"931",-0.903451470495215,61,10
"932",-0.936552341871577,63,10
"933",-0.950139801598671,65,10
"934",-0.973244172343572,67,10
"935",-0.996732882501725,69,10
"936",-1.01370329612761,71,10
"937",-1.02574105946106,73,10
"938",-1.05130059801631,75,10
"939",-1.0800527693081,77,10
"940",-1.11778621691457,79,10
"941",-1.1233390190076,81,10
"942",-1.13558793832979,83,10
"943",-1.180532638376,85,10
"944",-1.15327886683938,87,10
"945",-1.21027600945548,89,10
"946",-1.22699590591255,91,10
"947",-1.2208110049068,93,10
"948",-1.27728714664356,95,10
"949",-1.26799776034507,97,10
"950",-1.29882847484178,99,10
"951",-1.31082961974124,101,10
"952",-1.32660728453091,103,10
"953",-1.36497302638548,105,10
"954",-1.38244683561384,107,10
"955",-1.42535788018863,109,10
"956",-1.4249989103968,111,10
"957",-1.43158650461719,113,10
"958",-1.45033771126054,115,10
"959",-1.45511782711836,117,10
"960",-1.49474211686896,119,10
"961",-1.51075180067234,121,10
"962",-1.53464060382942,123,10
"963",-1.56025674951471,125,10
"964",-1.56789927894773,127,10
"965",-1.59074604134746,129,10
"966",-1.61409418257242,131,10
"967",-1.64354299367246,133,10
"968",-1.65578989167371,135,10
"969",-1.66757421737955,137,10
"970",-1.68862385968173,139,10
"971",-1.72021491241204,141,10
"972",-1.74207952183599,143,10
"973",-1.75026037393713,145,10
"974",-1.76489928786682,147,10
"975",-1.79417780552533,149,10
"976",-1.81852131601015,151,10
"977",-1.84419509445647,153,10
"978",-1.85958125606908,155,10
"979",-1.89021590393657,157,10
"980",-1.90236156915036,159,10
"981",-1.90403873626977,161,10
"982",-1.92426906870599,163,10
"983",-1.96409616349241,165,10
"984",-1.97328107130563,167,10
"985",-1.99469443068261,169,10
"986",-2.03201487568478,171,10
"987",-2.02727998735458,173,10
"988",-2.07451184511683,175,10
"989",-2.08785592144431,177,10
"990",-2.08540684270578,179,10
"991",-2.1207971146015,181,10
"992",-2.13755214506416,183,10
"993",-2.17160776008478,185,10
"994",-2.18989802681035,187,10
"995",-2.19187928984948,189,10
"996",-2.21713385644367,191,10
"997",-2.24130267185852,193,10
"998",-2.26872865976532,195,10
"999",-2.28636137216828,197,10
"1000",-2.27502735106271,199,10
"1001",1.4985162725171,1,11
"1002",1.48952122057106,3,11
"1003",1.46963123245764,5,11
"1004",1.44941362925431,7,11
"1005",1.4247292560465,9,11
"1006",1.38925760920912,11,11
"1007",1.37168613092315,13,11
"1008",1.36929508039631,15,11
"1009",1.32869763332502,17,11
"1010",1.32705656942148,19,11
"1011",1.29644577271507,21,11
"1012",1.27779740830991,23,11
"1013",1.2538854739459,25,11
"1014",1.23947975708814,27,11
"1015",1.23055301686737,29,11
"1016",1.20631850022626,31,11
"1017",1.17945652697361,33,11
"1018",1.17048122369775,35,11
"1019",1.15834120579232,37,11
"1020",1.1217174791617,39,11
"1021",1.10648606298193,41,11
"1022",1.0845633549415,43,11
"1023",1.05200213904067,45,11
"1024",1.03251530702939,47,11
"1025",1.04097887307706,49,11
"1026",1.01059394632861,51,11
"1027",0.989201986170113,53,11
"1028",0.963256902491342,55,11
"1029",0.946635054100771,57,11
"1030",0.923299728846308,59,11
"1031",0.902201155991721,61,11
"1032",0.884015391570278,63,11
"1033",0.851676517590806,65,11
"1034",0.86579338947056,67,11
"1035",0.829800786353557,69,11
"1036",0.799269088861292,71,11
"1037",0.79391006215914,73,11
"1038",0.755508587590799,75,11
"1039",0.758892753525607,77,11
"1040",0.71783743292062,79,11
"1041",0.678566259886329,81,11
"1042",0.695422360404844,83,11
"1043",0.673103459778136,85,11
"1044",0.634038005257261,87,11
"1045",0.607677418790912,89,11
"1046",0.583435892643882,91,11
"1047",0.579091033071544,93,11
"1048",0.543441882678051,95,11
"1049",0.533636488263098,97,11
"1050",0.523416889674634,99,11
"1051",0.510336360671352,101,11
"1052",0.473581537182051,103,11
"1053",0.460545140851091,105,11
"1054",0.444330650811262,107,11
"1055",0.438970431833221,109,11
"1056",0.392195733175577,111,11
"1057",0.365738065833243,113,11
"1058",0.34332507423374,115,11
"1059",0.347338540303746,117,11
"1060",0.321179976537344,119,11
"1061",0.309502031494779,121,11
"1062",0.280372774579274,123,11
"1063",0.265712107705991,125,11
"1064",0.244023354192442,127,11
"1065",0.222016588302534,129,11
"1066",0.1955515418532,131,11
"1067",0.194401262257112,133,11
"1068",0.15772342802309,135,11
"1069",0.148448806165273,137,11
"1070",0.123427559996149,139,11
"1071",0.11959641319872,141,11
"1072",0.0888933080940868,143,11
"1073",0.0584042568922244,145,11
"1074",0.0416896789281744,147,11
"1075",0.0205280763667137,149,11
"1076",-0.0191272925188751,151,11
"1077",-0.00124489260094517,153,11
"1078",-0.0275800200042769,155,11
"1079",-0.0658849979114048,157,11
"1080",-0.0743987559574483,159,11
"1081",-0.0957998725130823,161,11
"1082",-0.129546425659676,163,11
"1083",-0.12331975741262,165,11
"1084",-0.160701302598842,167,11
"1085",-0.176382994469717,169,11
"1086",-0.194170121454754,171,11
"1087",-0.228160076242246,173,11
"1088",-0.249073124844825,175,11
"1089",-0.258704257094449,177,11
"1090",-0.27245797554403,179,11
"1091",-0.297480526230706,181,11
"1092",-0.31115937583613,183,11
"1093",-0.334869030515239,185,11
"1094",-0.352764953489906,187,11
"1095",-0.392247890608565,189,11
"1096",-0.391448292639713,191,11
"1097",-0.426116836010581,193,11
"1098",-0.442876120443493,195,11
"1099",-0.4592673522015,197,11
"1100",-0.494697342422205,199,11
"1101",0.378847866891717,1,12
"1102",0.355444660042999,3,12
"1103",0.332658121892047,5,12
"1104",0.314297260448082,7,12
"1105",0.312298128178945,9,12
"1106",0.26725402290182,11,12
"1107",0.257689391597151,13,12
"1108",0.215123619310237,15,12
"1109",0.21310154321037,17,12
"1110",0.194830264557132,19,12
"1111",0.195266494290951,21,12
"1112",0.150223055759064,23,12
"1113",0.131121441047017,25,12
"1114",0.105866940232387,27,12
"1115",0.101641288079595,29,12
"1116",0.0913841562893044,31,12
"1117",0.0478579003105662,33,12
"1118",0.035585992396691,35,12
"1119",0.0335063224999062,37,12
"1120",-0.00699973753515557,39,12
"1121",-0.0133016415048061,41,12
"1122",-0.0362617281604315,43,12
"1123",-0.073210722826622,45,12
"1124",-0.0679878834775576,47,12
"1125",-0.0922050234058458,49,12
"1126",-0.125038788682827,51,12
"1127",-0.149196698134871,53,12
"1128",-0.164060947769438,55,12
"1129",-0.172016129437115,57,12
"1130",-0.205799256390403,59,12
"1131",-0.238898816776262,61,12
"1132",-0.24158581069778,63,12
"1133",-0.252437723491146,65,12
"1134",-0.291747942890244,67,12
"1135",-0.302535918865272,69,12
"1136",-0.332378696848791,71,12
"1137",-0.338988701459312,73,12
"1138",-0.361481759868704,75,12
"1139",-0.380493611348945,77,12
"1140",-0.406380027770844,79,12
"1141",-0.427250398204098,81,12
"1142",-0.431442309444481,83,12
"1143",-0.459105383398197,85,12
"1144",-0.482026116264308,87,12
"1145",-0.532288648912777,89,12
"1146",-0.532912950620207,91,12
"1147",-0.532527700409705,93,12
"1148",-0.564224915022997,95,12
"1149",-0.592239941427375,97,12
"1150",-0.604549990157353,99,12
"1151",-0.623912571047999,101,12
"1152",-0.645171187540036,103,12
"1153",-0.655190637830782,105,12
"1154",-0.66494795420628,107,12
"1155",-0.690275845310456,109,12
"1156",-0.707695538248858,111,12
"1157",-0.743455436863554,113,12
"1158",-0.751713316448679,115,12
"1159",-0.789967521141032,117,12
"1160",-0.801548977639744,119,12
"1161",-0.798302384523834,121,12
"1162",-0.840285043687355,123,12
"1163",-0.863209852848276,125,12
"1164",-0.885998898195092,127,12
"1165",-0.892444078569842,129,12
"1166",-0.899094869970951,131,12
"1167",-0.936035193220099,133,12
"1168",-0.962769412369509,135,12
"1169",-0.959418927128532,137,12
"1170",-1.00794506582298,139,12
"1171",-1.00884143845576,141,12
"1172",-1.04437021486941,143,12
"1173",-1.07037423728877,145,12
"1174",-1.0679737098011,147,12
"1175",-1.11815437033752,149,12
"1176",-1.12323926297208,151,12
"1177",-1.14000161115508,153,12
"1178",-1.16457994077524,155,12
"1179",-1.19653684091738,157,12
"1180",-1.2065707751504,159,12
"1181",-1.23572712103308,161,12
"1182",-1.22092512705894,163,12
"1183",-1.27872505987257,165,12
"1184",-1.30121794794452,167,12
"1185",-1.29318027831913,169,12
"1186",-1.31108231951129,171,12
"1187",-1.34211664557741,173,12
"1188",-1.36222496846812,175,12
"1189",-1.37290633188382,177,12
"1190",-1.38616957403425,179,12
"1191",-1.43606231508284,181,12
"1192",-1.42711179282217,183,12
"1193",-1.45819664625159,185,12
"1194",-1.48355019804343,187,12
"1195",-1.48750532218713,189,12
"1196",-1.51075902673783,191,12
"1197",-1.52737723872921,193,12
"1198",-1.56306836502492,195,12
"1199",-1.57239503909175,197,12
"1200",-1.59719950725646,199,12
"1201",-0.636412576089618,1,13
"1202",-0.633668250298407,3,13
"1203",-0.669623312353253,5,13
"1204",-0.691787424300185,7,13
"1205",-0.705950864535115,9,13
"1206",-0.727343235329248,11,13
"1207",-0.758298294690239,13,13
"1208",-0.771772365292728,15,13
"1209",-0.765176135653947,17,13
"1210",-0.811966511589637,19,13
"1211",-0.834203299456107,21,13
"1212",-0.843897277181184,23,13
"1213",-0.867225773077438,25,13
"1214",-0.896623591302201,27,13
"1215",-0.922067808650974,29,13
"1216",-0.922762566466762,31,13
"1217",-0.950052130391736,33,13
"1218",-0.966418108314042,35,13
"1219",-0.994153828589045,37,13
"1220",-1.02776168325658,39,13
"1221",-1.03054963455904,41,13
"1222",-1.02733481354219,43,13
"1223",-1.08585829740481,45,13
"1224",-1.10108864346928,47,13
"1225",-1.12460111798683,49,13
"1226",-1.13489189665913,51,13
"1227",-1.13742603806201,53,13
"1228",-1.17277375309935,55,13
"1229",-1.1937962968842,57,13
"1230",-1.22412685157777,59,13
"1231",-1.2305879163718,61,13
"1232",-1.24088731632759,63,13
"1233",-1.2486384226232,65,13
"1234",-1.27809361778865,67,13
"1235",-1.31994081399867,69,13
"1236",-1.33627188089565,71,13
"1237",-1.34516602498924,73,13
"1238",-1.37134099470435,75,13
"1239",-1.38848727754562,77,13
"1240",-1.42436356837552,79,13
"1241",-1.43550587921524,81,13
"1242",-1.4605046230186,83,13
"1243",-1.48052615978792,85,13
"1244",-1.49842958656402,87,13
"1245",-1.51538848623699,89,13
"1246",-1.53129725947321,91,13
"1247",-1.54490609134686,93,13
"1248",-1.57633238827836,95,13
"1249",-1.59981066673509,97,13
"1250",-1.59507890477368,99,13
"1251",-1.62130191647342,101,13
"1252",-1.64427212194775,103,13
"1253",-1.65424087381215,105,13
"1254",-1.70101799999443,107,13
"1255",-1.69075240472221,109,13
"1256",-1.7189760873002,111,13
"1257",-1.74817035042203,113,13
"1258",-1.76499725070254,115,13
"1259",-1.79062716611729,117,13
"1260",-1.81234883845609,119,13
"1261",-1.8470029161425,121,13
"1262",-1.84381468208362,123,13
"1263",-1.84981734656075,125,13
"1264",-1.87034285097507,127,13
"1265",-1.90954263727053,129,13
"1266",-1.93231935843101,131,13
"1267",-1.94942063559601,133,13
"1268",-1.95978129875856,135,13
"1269",-1.97646759231578,137,13
"1270",-2.00716113901646,139,13
"1271",-2.02009779318966,141,13
"1272",-2.05151133898174,143,13
"1273",-2.06626335850833,145,13
"1274",-2.07938418040546,147,13
"1275",-2.0748448442744,149,13
"1276",-2.13178060649774,151,13
"1277",-2.15792205371067,153,13
"1278",-2.16678250096765,155,13
"1279",-2.19529883300544,157,13
"1280",-2.20488774909659,159,13
"1281",-2.22782809655046,161,13
"1282",-2.23807890891141,163,13
"1283",-2.28083834537842,165,13
"1284",-2.30329633265561,167,13
"1285",-2.29556484995966,169,13
"1286",-2.32898772254389,171,13
"1287",-2.36046468711621,173,13
"1288",-2.38197830464583,175,13
"1289",-2.39676416339743,177,13
"1290",-2.40533596653043,179,13
"1291",-2.43651333464905,181,13
"1292",-2.43782211890417,183,13
"1293",-2.46880213425694,185,13
"1294",-2.48928177264786,187,13
"1295",-2.51139577782807,189,13
"1296",-2.53421635382332,191,13
"1297",-2.55291737201242,193,13
"1298",-2.55967579474244,195,13
"1299",-2.60462822063398,197,13
"1300",-2.60037289278922,199,13
"1301",-2.22820672914449,1,14
"1302",-2.23735265473199,3,14
"1303",-2.26528403201534,5,14
"1304",-2.29815801622003,7,14
"1305",-2.30123083448472,9,14
"1306",-2.33108393364734,11,14
"1307",-2.33345596363231,13,14
"1308",-2.37297721748565,15,14
"1309",-2.40257768855265,17,14
"1310",-2.41323998720314,19,14
"1311",-2.43042011440106,21,14
"1312",-2.45295919396459,23,14
"1313",-2.46707572811796,25,14
"1314",-2.49065315213858,27,14
"1315",-2.5088073091251,29,14
"1316",-2.52141997279341,31,14
"1317",-2.5563363532944,33,14
"1318",-2.55709811052728,35,14
"1319",-2.584725445538,37,14
"1320",-2.60508216488665,39,14
"1321",-2.6450622613773,41,14
"1322",-2.64771217797187,43,14
"1323",-2.67025634822181,45,14
"1324",-2.67622693302035,47,14
"1325",-2.69079168206707,49,14
"1326",-2.712387425025,51,14
"1327",-2.75583326179902,53,14
"1328",-2.77266042610414,55,14
"1329",-2.78559508594897,57,14
"1330",-2.81529645605611,59,14
"1331",-2.8407430091173,61,14
"1332",-2.83678638051725,63,14
"1333",-2.86401832189691,65,14
"1334",-2.87855592718022,67,14
"1335",-2.91673056470577,69,14
"1336",-2.92810443553111,71,14
"1337",-2.95641237352173,73,14
"1338",-2.97299403485385,75,14
"1339",-2.98240776675945,77,14
"1340",-3.01284981636033,79,14
"1341",-3.03463434232363,81,14
"1342",-3.05776157176759,83,14
"1343",-3.07904210489258,85,14
"1344",-3.09332836650987,87,14
"1345",-3.08766189513936,89,14
"1346",-3.13125621314224,91,14
"1347",-3.15583157343376,93,14
"1348",-3.17875494164118,95,14
"1349",-3.18620632404538,97,14
"1350",-3.20863995630179,99,14
"1351",-3.22217919398002,101,14
"1352",-3.24752695155482,103,14
"1353",-3.25602321105216,105,14
"1354",-3.27749897596462,107,14
"1355",-3.29413919116341,109,14
"1356",-3.32226486657372,111,14
"1357",-3.33355626055679,113,14
"1358",-3.36546541431475,115,14
"1359",-3.375370636638,117,14
"1360",-3.40627970456419,119,14
"1361",-3.43151498232553,121,14
"1362",-3.45690089809175,123,14
"1363",-3.47178901709374,125,14
"1364",-3.49218668315591,127,14
"1365",-3.49893911191603,129,14
"1366",-3.52522088181681,131,14
"1367",-3.55100325891345,133,14
"1368",-3.57368324783261,135,14
"1369",-3.56957302842233,137,14
"1370",-3.60706738010505,139,14
"1371",-3.63718792139346,141,14
"1372",-3.64899998054135,143,14
"1373",-3.66376689281282,145,14
"1374",-3.67636947629039,147,14
"1375",-3.70554921195869,149,14
"1376",-3.72358135678738,151,14
"1377",-3.75509424660599,153,14
"1378",-3.75673565904229,155,14
"1379",-3.78370085341592,157,14
"1380",-3.79733028964559,159,14
"1381",-3.80923107383334,161,14
"1382",-3.84291067745887,163,14
"1383",-3.86752535309393,165,14
"1384",-3.89237287496325,167,14
"1385",-3.91046392957993,169,14
"1386",-3.93384844557751,171,14
"1387",-3.94100077756463,173,14
"1388",-3.97937673081052,175,14
"1389",-4.00215350696158,177,14
"1390",-4.01137370521671,179,14
"1391",-4.01385709711268,181,14
"1392",-4.04347157076318,183,14
"1393",-4.06964238112503,185,14
"1394",-4.07800400533835,187,14
"1395",-4.10821467571085,189,14
"1396",-4.12584969118631,191,14
"1397",-4.14397001775949,193,14
"1398",-4.15381214105197,195,14
"1399",-4.17177419979284,197,14
"1400",-4.19187477423651,199,14
"1401",1.12472147932605,1,15
"1402",1.0982256159774,3,15
"1403",1.09372727532044,5,15
"1404",1.07535990845362,7,15
"1405",1.04821668186931,9,15
"1406",1.01273423170574,11,15
"1407",0.984530443827595,13,15
"1408",0.9768604159702,15,15
"1409",0.949378555624316,17,15
"1410",0.937680827041622,19,15
"1411",0.909425784092249,21,15
"1412",0.904143517074043,23,15
"1413",0.896825478066833,25,15
"1414",0.864570866043933,27,15
"1415",0.842349102905835,29,15
"1416",0.815304483792703,31,15
"1417",0.816739255005455,33,15
"1418",0.774135066108033,35,15
"1419",0.768693868431344,37,15
"1420",0.750684084911015,39,15
"1421",0.716534687927188,41,15
"1422",0.662398717414079,43,15
"1423",0.671631613269971,45,15
"1424",0.659501816399734,47,15
"1425",0.621889880568764,49,15
"1426",0.602019183754656,51,15
"1427",0.603994715459795,53,15
"1428",0.546971303190996,55,15
"1429",0.557266523856311,57,15
"1430",0.532240558756617,59,15
"1431",0.508345467592937,61,15
"1432",0.495564376073814,63,15
"1433",0.475475686533758,65,15
"1434",0.457401011377474,67,15
"1435",0.436171273622166,69,15
"1436",0.409578351147032,71,15
"1437",0.397515744056968,73,15
"1438",0.388808006822684,75,15
"1439",0.361602622606105,77,15
"1440",0.349901412663915,79,15
"1441",0.312182114108671,81,15
"1442",0.300761676576816,83,15
"1443",0.279964503405926,85,15
"1444",0.247498441323356,87,15
"1445",0.22676214228857,89,15
"1446",0.233633754953728,91,15
"1447",0.186658387702645,93,15
"1448",0.184438045078951,95,15
"1449",0.152269194632501,97,15
"1450",0.123940096326142,99,15
"1451",0.0995887427123722,101,15
"1452",0.0828678195467691,103,15
"1453",0.055430665414515,105,15
"1454",0.0460905178467899,107,15
"1455",0.0446649779951242,109,15
"1456",0.00912120498475342,111,15
"1457",0.0122985919582286,113,15
"1458",-0.0267958350384239,115,15
"1459",-0.0544490071743823,117,15
"1460",-0.0679150184548223,119,15
"1461",-0.0909592628735614,121,15
"1462",-0.109508396117181,123,15
"1463",-0.124469116122199,125,15
"1464",-0.14424675236824,127,15
"1465",-0.15748510662002,129,15
"1466",-0.179672451947858,131,15
"1467",-0.197302605391567,133,15
"1468",-0.223747365210148,135,15
"1469",-0.253137734854799,137,15
"1470",-0.260575580999026,139,15
"1471",-0.28094266728856,141,15
"1472",-0.309105222348012,143,15
"1473",-0.328949964631666,145,15
"1474",-0.334117204378489,147,15
"1475",-0.351664281426361,149,15
"1476",-0.383925026390135,151,15
"1477",-0.408991728059708,153,15
"1478",-0.408545503424916,155,15
"1479",-0.457506057944638,157,15
"1480",-0.474188340564687,159,15
"1481",-0.476568647137952,161,15
"1482",-0.514322211807884,163,15
"1483",-0.51613326971248,165,15
"1484",-0.55447917923501,167,15
"1485",-0.559679560915876,169,15
"1486",-0.586888825837945,171,15
"1487",-0.596151405907241,173,15
"1488",-0.611776999804543,175,15
"1489",-0.646103743108957,177,15
"1490",-0.658918435749669,179,15
"1491",-0.703066805810254,181,15
"1492",-0.707696133273322,183,15
"1493",-0.737170500625676,185,15
"1494",-0.743024309331383,187,15
"1495",-0.765209022902011,189,15
"1496",-0.787421090255081,191,15
"1497",-0.806952268399271,193,15
"1498",-0.815556251168487,195,15
"1499",-0.846609229716627,197,15
"1500",-0.846526636809373,199,15
"1501",-0.0739752825591258,1,16
"1502",-0.0713406119962263,3,16
"1503",-0.0737882595531339,5,16
"1504",-0.126291098883663,7,16
"1505",-0.142896168873074,9,16
"1506",-0.158909303516738,11,16
"1507",-0.174016368599775,13,16
"1508",-0.197320549756584,15,16
"1509",-0.219553232652225,17,16
"1510",-0.215670202941735,19,16
"1511",-0.253713060867005,21,16
"1512",-0.264013103250168,23,16
"1513",-0.324656183769705,25,16
"1514",-0.303648718505578,27,16
"1515",-0.321813607725094,29,16
"1516",-0.359759688745881,31,16
"1517",-0.377182198981769,33,16
"1518",-0.378255955906437,35,16
"1519",-0.414521423692065,37,16
"1520",-0.424551860559717,39,16
"1521",-0.449057179681808,41,16
"1522",-0.476516604786687,43,16
"1523",-0.497854463164147,45,16
"1524",-0.529132598648623,47,16
"1525",-0.556316789267316,49,16
"1526",-0.555158610064257,51,16
"1527",-0.572235899478981,53,16
"1528",-0.599963303005541,55,16
"1529",-0.608625535111553,57,16
"1530",-0.630187956931065,59,16
"1531",-0.658340199630995,61,16
"1532",-0.674437593420009,63,16
"1533",-0.68198097710663,65,16
"1534",-0.711787366965648,67,16
"1535",-0.726917883978207,69,16
"1536",-0.750073020052906,71,16
"1537",-0.757677998448723,73,16
"1538",-0.793909280407723,75,16
"1539",-0.824831979764624,77,16
"1540",-0.83953802110522,79,16
"1541",-0.852556994095515,81,16
"1542",-0.87762758165694,83,16
"1543",-0.896629149711797,85,16
"1544",-0.908284919282565,87,16
"1545",-0.942689118167284,89,16
"1546",-0.974126220325523,91,16
"1547",-0.954740283618897,93,16
"1548",-0.990581503866541,95,16
"1549",-1.00443192069368,97,16
"1550",-1.03805475742173,99,16
"1551",-1.05399743284219,101,16
"1552",-1.0964654865211,103,16
"1553",-1.09135367830497,105,16
"1554",-1.11025496090194,107,16
"1555",-1.14400049736399,109,16
"1556",-1.1602271081705,111,16
"1557",-1.16149784184668,113,16
"1558",-1.190239268449,115,16
"1559",-1.21746465989274,117,16
"1560",-1.23124257186195,119,16
"1561",-1.26840068091974,121,16
"1562",-1.26321425475902,123,16
"1563",-1.31402097246449,125,16
"1564",-1.32497751712147,127,16
"1565",-1.32816673387864,129,16
"1566",-1.34341039157306,131,16
"1567",-1.39226120819086,133,16
"1568",-1.38892052044937,135,16
"1569",-1.41151710587449,137,16
"1570",-1.43528641910589,139,16
"1571",-1.46119525921319,141,16
"1572",-1.48349332111269,143,16
"1573",-1.49341583059549,145,16
"1574",-1.50286988207677,147,16
"1575",-1.54981938784726,149,16
"1576",-1.56543735024592,151,16
"1577",-1.55855486784614,153,16
"1578",-1.60700695082726,155,16
"1579",-1.64119515986126,157,16
"1580",-1.63475897635372,159,16
"1581",-1.65149166874155,161,16
"1582",-1.67480641064191,163,16
"1583",-1.70366811034712,165,16
"1584",-1.71150560617182,167,16
"1585",-1.73670748655806,169,16
"1586",-1.74571927646932,171,16
"1587",-1.77192416499314,173,16
"1588",-1.78799974148813,175,16
"1589",-1.81167888995244,177,16
"1590",-1.83085309878794,179,16
"1591",-1.84733518645632,181,16
"1592",-1.89780514421974,183,16
"1593",-1.88975522639935,185,16
"1594",-1.92840597159809,187,16
"1595",-1.93130201042655,189,16
"1596",-1.94178608336865,191,16
"1597",-1.97941666812431,193,16
"1598",-2.00301525369782,195,16
"1599",-2.01579629400563,197,16
"1600",-2.01907936629002,199,16
"1601",-0.0251796886170793,1,17
"1602",-0.0447026409824164,3,17
"1603",-0.0716546097803865,5,17
"1604",-0.0914670189715873,7,17
"1605",-0.107588978693867,9,17
"1606",-0.142084377243445,11,17
"1607",-0.133849221442069,13,17
"1608",-0.169544811582267,15,17
"1609",-0.206200288167045,17,17
"1610",-0.20636484712633,19,17
"1611",-0.228599932057382,21,17
"1612",-0.264110157088171,23,17
"1613",-0.245693347986676,25,17
"1614",-0.297362439214055,27,17
"1615",-0.319725758547122,29,17
"1616",-0.321677239988637,31,17
"1617",-0.335857988850441,33,17
"1618",-0.368149120050085,35,17
"1619",-0.383917159231139,37,17
"1620",-0.417212260598821,39,17
"1621",-0.416637489413533,41,17
"1622",-0.443061958639821,43,17
"1623",-0.465180205966955,45,17
"1624",-0.478709108956044,47,17
"1625",-0.49620065415101,49,17
"1626",-0.533515416189078,51,17
"1627",-0.541381310697838,53,17
"1628",-0.57608476618152,55,17
"1629",-0.563894672615488,57,17
"1630",-0.601622897103057,59,17
"1631",-0.626548417534793,61,17
"1632",-0.651094690163144,63,17
"1633",-0.668395929210754,65,17
"1634",-0.697202356706796,67,17
"1635",-0.705555558385376,69,17
"1636",-0.720355003768075,71,17
"1637",-0.751323851560894,73,17
"1638",-0.774315784318222,75,17
"1639",-0.802483462154092,77,17
"1640",-0.800501206033828,79,17
"1641",-0.822852430031897,81,17
"1642",-0.848303488692635,83,17
"1643",-0.871701242402938,85,17
"1644",-0.883606651809535,87,17
"1645",-0.919942367563056,89,17
"1646",-0.940917804589973,91,17
"1647",-0.960642359827405,93,17
"1648",-0.969803147345158,95,17
"1649",-0.97828316345164,97,17
"1650",-0.999043684635706,99,17
"1651",-1.03184179827193,101,17
"1652",-1.03201012006465,103,17
"1653",-1.07764783090885,105,17
"1654",-1.09111844132847,107,17
"1655",-1.11352078583551,109,17
"1656",-1.1245979422954,111,17
"1657",-1.16370219269114,113,17
"1658",-1.15434195442842,115,17
"1659",-1.17411994708874,117,17
"1660",-1.19641376983364,119,17
"1661",-1.22701018053938,121,17
"1662",-1.23462762887297,123,17
"1663",-1.26132229973142,125,17
"1664",-1.276601776471,127,17
"1665",-1.30441233938706,129,17
"1666",-1.32326775428861,131,17
"1667",-1.36732366994548,133,17
"1668",-1.37157074220716,135,17
"1669",-1.37605000725141,137,17
"1670",-1.40517756668421,139,17
"1671",-1.43837733681443,141,17
"1672",-1.45577403102686,143,17
"1673",-1.47174823794501,145,17
"1674",-1.46497150398251,147,17
"1675",-1.50798616297456,149,17
"1676",-1.53263761718137,151,17
"1677",-1.56711610081651,153,17
"1678",-1.58520897147593,155,17
"1679",-1.57396776033573,157,17
"1680",-1.61470246751275,159,17
"1681",-1.60997823426937,161,17
"1682",-1.64948129111859,163,17
"1683",-1.68945435837335,165,17
"1684",-1.66426028310358,167,17
"1685",-1.71701506286292,169,17
"1686",-1.73125387277255,171,17
"1687",-1.74523107353062,173,17
"1688",-1.76739191567836,175,17
"1689",-1.80137693939569,177,17
"1690",-1.82129611372738,179,17
"1691",-1.81223421381664,181,17
"1692",-1.85327448253975,183,17
"1693",-1.85791087956785,185,17
"1694",-1.86911270472681,187,17
"1695",-1.91398192866766,189,17
"1696",-1.93325925378567,191,17
"1697",-1.9661192882041,193,17
"1698",-1.94719149776984,195,17
"1699",-1.99375233245767,197,17
"1700",-2.00996982089619,199,17
"1701",0.920196662670442,1,18
"1702",0.921255792278375,3,18
"1703",0.909945970645438,5,18
"1704",0.876110085154252,7,18
"1705",0.849831053946126,9,18
"1706",0.817140406688869,11,18
"1707",0.82874322165832,13,18
"1708",0.800751085017283,15,18
"1709",0.773426435918651,17,18
"1710",0.765879659212083,19,18
"1711",0.746821360321003,21,18
"1712",0.7092140404777,23,18
"1713",0.681578473207077,25,18
"1714",0.683468878226357,27,18
"1715",0.660768322964908,29,18
"1716",0.628822279026038,31,18
"1717",0.645375924855136,33,18
"1718",0.56834514173513,35,18
"1719",0.573754829837008,37,18
"1720",0.565224017095012,39,18
"1721",0.548659675364763,41,18
"1722",0.523594660774937,43,18
"1723",0.495319713618131,45,18
"1724",0.481725298258376,47,18
"1725",0.459412022882376,49,18
"1726",0.43356226675487,51,18
"1727",0.405065461097297,53,18
"1728",0.405998645392583,55,18
"1729",0.37032371256255,57,18
"1730",0.350892279511564,59,18
"1731",0.336367588779889,61,18
"1732",0.313951190543564,63,18
"1733",0.274078371063049,65,18
"1734",0.269572943446684,67,18
"1735",0.259959236286401,69,18
"1736",0.246144351773656,71,18
"1737",0.201128132605002,73,18
"1738",0.187330654050263,75,18
"1739",0.149404548313446,77,18
"1740",0.163801696630484,79,18
"1741",0.133887345969389,81,18
"1742",0.121746458323677,83,18
"1743",0.0882042953173878,85,18
"1744",0.0759744727122883,87,18
"1745",0.0636070373263215,89,18
"1746",0.0314945996589409,91,18
"1747",0.0223228162248468,93,18
"1748",0.000375919590952698,95,18
"1749",-0.0420694895774395,97,18
"1750",-0.0430695579855617,99,18
"1751",-0.0910236112135568,101,18
"1752",-0.0889481803876619,103,18
"1753",-0.111688126908036,105,18
"1754",-0.117403368586798,107,18
"1755",-0.143228952370286,109,18
"1756",-0.17213600978342,111,18
"1757",-0.187735825347776,113,18
"1758",-0.204321938711917,115,18
"1759",-0.236294109457689,117,18
"1760",-0.252962223362099,119,18
"1761",-0.278590725459698,121,18
"1762",-0.301513976679494,123,18
"1763",-0.311409189445805,125,18
"1764",-0.326349063169283,127,18
"1765",-0.36184526102629,129,18
"1766",-0.361485272572747,131,18
"1767",-0.392842077954515,133,18
"1768",-0.403052965718826,135,18
"1769",-0.424738279273015,137,18
"1770",-0.449904136522009,139,18
"1771",-0.485613053075058,141,18
"1772",-0.502140602455405,143,18
"1773",-0.531570367924492,145,18
"1774",-0.512543316819291,147,18
"1775",-0.549770449348219,149,18
"1776",-0.54679981620606,151,18
"1777",-0.600722627290015,153,18
"1778",-0.591344732231728,155,18
"1779",-0.615402592954222,157,18
"1780",-0.653738673328361,159,18
"1781",-0.659022933870376,161,18
"1782",-0.680349943022372,163,18
"1783",-0.707631028338961,165,18
"1784",-0.711093971540188,167,18
"1785",-0.748959115747152,169,18
"1786",-0.745886401981714,171,18
"1787",-0.798121191272993,173,18
"1788",-0.793040610397963,175,18
"1789",-0.831403864442412,177,18
"1790",-0.842621294223288,179,18
"1791",-0.866880534191526,181,18
"1792",-0.887495232377551,183,18
"1793",-0.907044563158394,185,18
"1794",-0.916985900001594,187,18
"1795",-0.945849396671003,189,18
"1796",-0.952574483493422,191,18
"1797",-0.985028840863709,193,18
"1798",-1.0044207238513,195,18
"1799",-1.02669859336155,197,18
"1800",-1.05041136965513,199,18
"1801",0.813300310619088,1,19
"1802",0.80115042427598,3,19
"1803",0.779359773982602,5,19
"1804",0.761181250936424,7,19
"1805",0.748548637807285,9,19
"1806",0.714791615442406,11,19
"1807",0.69277845844391,13,19
"1808",0.686749081660713,15,19
"1809",0.650580498919633,17,19
"1810",0.621139007516452,19,19
"1811",0.602292239861518,21,19
"1812",0.584676048885887,23,19
"1813",0.556883366812877,25,19
"1814",0.565403038630071,27,19
"1815",0.525282338445155,29,19
"1816",0.52241091307851,31,19
"1817",0.515062010731,33,19
"1818",0.467188330156541,35,19
"1819",0.454922280682526,37,19
"1820",0.425468264960744,39,19
"1821",0.440413483169583,41,19
"1822",0.38043204720287,43,19
"1823",0.383006108390893,45,19
"1824",0.359917222829879,47,19
"1825",0.340532858196074,49,19
"1826",0.321468007374079,51,19
"1827",0.297350945659138,53,19
"1828",0.277303095912872,55,19
"1829",0.242292277995691,57,19
"1830",0.235741551161259,59,19
"1831",0.207474072027871,61,19
"1832",0.219623046548468,63,19
"1833",0.178545129630439,65,19
"1834",0.159626384380549,67,19
"1835",0.109024673924601,69,19
"1836",0.0979465572773676,71,19
"1837",0.0814545881166372,73,19
"1838",0.0653504363777928,75,19
"1839",0.0455410669453292,77,19
"1840",0.0376576046653505,79,19
"1841",0.00884812402252652,81,19
"1842",-0.0117645851589782,83,19
"1843",-0.0168831793096141,85,19
"1844",-0.0698682169404919,87,19
"1845",-0.0695116249418661,89,19
"1846",-0.0801447762091741,91,19
"1847",-0.0980317302874028,93,19
"1848",-0.130837331204071,95,19
"1849",-0.153114943226492,97,19
"1850",-0.170601042745993,99,19
"1851",-0.193089591631696,101,19
"1852",-0.213024901006231,103,19
"1853",-0.242317001666219,105,19
"1854",-0.250744754391734,107,19
"1855",-0.266437643533838,109,19
"1856",-0.294350867842103,111,19
"1857",-0.319912057651254,113,19
"1858",-0.345085159160514,115,19
"1859",-0.352657043716519,117,19
"1860",-0.351552484735555,119,19
"1861",-0.39436380790352,121,19
"1862",-0.415145413362784,123,19
"1863",-0.400964933563353,125,19
"1864",-0.468351363665846,127,19
"1865",-0.467353525938321,129,19
"1866",-0.482133816912675,131,19
"1867",-0.513565079826761,133,19
"1868",-0.516941909070692,135,19
"1869",-0.540724431988688,137,19
"1870",-0.568245627322908,139,19
"1871",-0.600452269054405,141,19
"1872",-0.605545303343236,143,19
"1873",-0.631986635126253,145,19
"1874",-0.657638307542923,147,19
"1875",-0.667266023183531,149,19
"1876",-0.682985170181457,151,19
"1877",-0.709570473163676,153,19
"1878",-0.72029112854886,155,19
"1879",-0.773889139773235,157,19
"1880",-0.761394033758138,159,19
"1881",-0.794488747755033,161,19
"1882",-0.805913414738291,163,19
"1883",-0.817302606343037,165,19
"1884",-0.847383217881181,167,19
"1885",-0.867889538813924,169,19
"1886",-0.915080398071843,171,19
"1887",-0.92095101322313,173,19
"1888",-0.92128727911341,175,19
"1889",-0.962938134143035,177,19
"1890",-0.969902631520288,179,19
"1891",-0.985738484841483,181,19
"1892",-1.01231893295139,183,19
"1893",-1.03729122979721,185,19
"1894",-1.06339053565361,187,19
"1895",-1.06613628643977,189,19
"1896",-1.10785238434208,191,19
"1897",-1.11803111756422,193,19
"1898",-1.12989451783136,195,19
"1899",-1.15843114915624,197,19
"1900",-1.17040779414045,199,19
"1901",0.592503161766952,1,20
"1902",0.564082308967282,3,20
"1903",0.545273945775874,5,20
"1904",0.539890181929988,7,20
"1905",0.502788312730704,9,20
"1906",0.48675587995317,11,20
"1907",0.444062222256842,13,20
"1908",0.444208723398583,15,20
"1909",0.416301272354887,17,20
"1910",0.391661189042351,19,20
"1911",0.393924987742823,21,20
"1912",0.363685906988921,23,20
"1913",0.353354534610351,25,20
"1914",0.314816409055537,27,20
"1915",0.279879298948741,29,20
"1916",0.285530701692777,31,20
"1917",0.273333410523854,33,20
"1918",0.26934736981982,35,20
"1919",0.232773230552442,37,20
"1920",0.214505688882368,39,20
"1921",0.1777438423275,41,20
"1922",0.167429870031674,43,20
"1923",0.139148039934424,45,20
"1924",0.128121884915646,47,20
"1925",0.0920657296752949,49,20
"1926",0.080063825382588,51,20
"1927",0.0493046631605804,53,20
"1928",0.0443590534621581,55,20
"1929",0.0284258823558203,57,20
"1930",0.00447697992127339,59,20
"1931",-0.022485617313978,61,20
"1932",-0.0384854919655458,63,20
"1933",-0.0725277049981797,65,20
"1934",-0.0783244244920575,67,20
"1935",-0.11385436328983,69,20
"1936",-0.11625333781034,71,20
"1937",-0.118588210037902,73,20
"1938",-0.149056613726991,75,20
"1939",-0.16128848554032,77,20
"1940",-0.182569799660899,79,20
"1941",-0.219398257139168,81,20
"1942",-0.232463691377358,83,20
"1943",-0.27437530611363,85,20
"1944",-0.267160901341966,87,20
"1945",-0.303289928125075,89,20
"1946",-0.306693583584227,91,20
"1947",-0.35481025469193,93,20
"1948",-0.344628651610686,95,20
"1949",-0.381128589731198,97,20
"1950",-0.381839695099171,99,20
"1951",-0.4162920783382,101,20
"1952",-0.442479416046688,103,20
"1953",-0.451115968778571,105,20
"1954",-0.476681146134398,107,20
"1955",-0.502360846560243,109,20
"1956",-0.525044886390104,111,20
"1957",-0.511998076633042,113,20
"1958",-0.565595151288213,115,20
"1959",-0.570507163776791,117,20
"1960",-0.598212825679287,119,20
"1961",-0.626277226800566,121,20
"1962",-0.650000588674764,123,20
"1963",-0.670984971873839,125,20
"1964",-0.690159125117747,127,20
"1965",-0.711061033604628,129,20
"1966",-0.709237219541471,131,20
"1967",-0.7384662950893,133,20
"1968",-0.736107254490412,135,20
"1969",-0.769766291953536,137,20
"1970",-0.779616703313413,139,20
"1971",-0.811071492348594,141,20
"1972",-0.827644004658929,143,20
"1973",-0.851426204825199,145,20
"1974",-0.880119229419457,147,20
"1975",-0.886863411749957,149,20
"1976",-0.916179235189609,151,20
"1977",-0.925760836406349,153,20
"1978",-0.964089948599758,155,20
"1979",-0.966056348572958,157,20
"1980",-0.999218412344418,159,20
"1981",-1.02496017463611,161,20
"1982",-1.0553212277452,163,20
"1983",-1.03990167134186,165,20
"1984",-1.07090597973585,167,20
"1985",-1.09665717810083,169,20
"1986",-1.10913450268131,171,20
"1987",-1.1355635219942,173,20
"1988",-1.16920151375442,175,20
"1989",-1.19732933936347,177,20
"1990",-1.19817946467257,179,20
"1991",-1.21922654457769,181,20
"1992",-1.2466810358793,183,20
"1993",-1.25192644282683,185,20
"1994",-1.27925319412465,187,20
"1995",-1.28784318744167,189,20
"1996",-1.30318595840671,191,20
"1997",-1.34234972856166,193,20
"1998",-1.36485014632798,195,20
"1999",-1.37466510935441,197,20
"2000",-1.38184678244991,199,20
